Product_ID;product_name
1;c
2;dkkdkdk
3;IPhone7
4;Samsung s10e
5;Iphone6
6;Corgi
7;ShibaInu
8;MARCH
9;APRIL
10;AUGUST
11;DECEMBER
12;SUNDAY
13;MONDAY
14;FRIDAY
15;JAN
16;JUN
17;JANUARY
18;JUNE
19;JULY
20;MON
21;MAY
22;NOVEMBER
23;TUESDAY
24;SEPTEMBER
25;WEDNESDAY
26;SUN
27;Tomato
28;Potato
29;166Y
30;2CHAINZ
31;2J
32;A
33;A.
34;A.J
35;A.J.
36;AALIYAH
37;AALSKA
38;AARAV
39;AARON
40;AARYN
41;ABACA
42;ABAGAIL
43;ABBA
44;ABBEY
45;ABBEYROAD
46;ABBI
47;ABBIE
48;AB-BINGO
49;ABBOTT
50;ABBY
51;ABE
52;ABECROMBIE
53;ABEJA
54;ABEL
55;ABERCROMBIE
56;ABHAYA
57;ABI
58;ABIGAIL
59;ABIGALE
60;ABIGIAL
61;ABILENE
62;ABILGAIL
63;ABITA
64;ABLE
65;ABNER
66;ABRAHAM
67;ABREE
68;ABRIK
69;ABRIL
70;ABSOLUT
71;ABU
72;ABUELA
73;ABUJA
74;ABUR
75;ACCEL
76;ACCIDENTALLY
77;ACCURA
78;ACE
79;ACE-DAVE
80;ACER
81;ACHAK
82;ACHILES
83;ACHILLES
84;ACHILLIES
85;ACHOO
86;ACKERMAN
87;ACKLEY
88;ADA
89;ADAGIO
90;ADAH
91;ADALYN
92;ADAM
93;ADAMA
94;ADAR
95;ADDER
96;ADDEY
97;ADDIE
98;ADDISON
99;ADDY
100;ADE
101;ADELA
102;ADELAIDE
103;ADELE
104;ADELIA
105;ADELINA
106;ADELINE
107;ADELLA
108;ADELLE
109;ADELLINE
110;ADGER
111;ADI
112;ADIDAS
113;ADIDI
114;ADINA
115;ADMIRAL
116;ADOLF
117;ADOLFO
118;ADONIS
119;ADORA
120;ADORABLE
121;ADORABLES
122;ADORE
123;ADRIAN
124;ADRIANA
125;ADRIANE
126;ADRIENNE
127;ADU
128;ADULIO
129;AEGE
130;AEGEAN
131;AEKI
132;AENGUS
133;AERIE
134;AERO
135;AERYS
136;AESOP
137;AFRICA
138;AGAPE
139;AGASHA
140;AGATE
141;AGATH
142;AGATHA
143;AGATHOR
144;AGENT
145;AGGIE
146;AGLAIA
147;AGNES
148;AGNUS
149;AGRO
150;AGUA
151;AGUILES
152;AGUSTINA
153;AH1232
154;AHAVA
155;AHIL
156;AHIMSA
157;AHJI
158;AHSOKA
159;AICHAN
160;AIDAN
161;AIDEN
162;AIK
163;AIKA
164;AIKO
165;AILSA
166;AIMEE
167;AINE
168;AINM
169;AINSLEY
170;AINSWORTH
171;AIRBORNE
172;AIRES
173;AIRLIA
174;AISHA
175;AIYANA
176;AJ
177;AJA
178;AJAX
179;AJAXX
180;AJAY
181;A-JAY
182;AJI
183;AKAMARO
184;AKAMARU
185;AKASHA
186;AKEELA
187;AKEELAH
188;AKEILLES
189;AKELA
190;AKELLA
191;AKEMI
192;AKHILLES
193;AKI
194;AKIAK
195;AKIBA
196;AKIERO
197;AKILA
198;AKIMA
199;AKIMI
200;Daniel
